{
  "es": {
    "calendar": {
      "CalendarDayLabels": [
        "Domingo",
        "Lunes",
        "Martes",
        "Miércoles",
        "Jueves",
        "Viernes",
        "Sábado"
      ],
      "CalendarMonthLabels": [
        "Ene",
        "Feb",
        "Mar",
        "Abr",
        "Mayo",
        "Jun",
        "Jul",
        "Ago",
        "Sept",
        "Oct",
        "Nov",
        "Dic"
      ],
      "CalendarLabelToday": "Hoy",
      "CalendarLabelTomorrow": "Mañana",
      "CalendarTitle": "Programar una llamada",
      "CalendarOkButtonText": "Aceptar",
      "CalendarError": "No se puede obtener la información de disponibilidad.",
      "CalendarClose": "Cancelar",
      "AriaWindowTitle": "Ventana Calendario",
      "AriaCalendarClose": "Cancele el Calendario y vuelva al Registro de devolución de llamadas",
      "AriaYouHaveChosen": "Ha elegido",
      "AriaNoTimeSlotsFound": "No se encontraron franjas horarias para la fecha seleccionada"
    },
    "callus": {
      "CallUsTitle": "Llámenos",
      "ContactsHeader": "Puede llamarnos a cualquiera de los siguientes números...",
      "CancelButtonText": "Cancelar",
      "CoBrowseText": "<span class='cx-cobrowse-offer'>¿Ya está en una llamada? Déjenos <a role='link' tabindex='0' class='cx-cobrowse-link'>navegar con usted</a></span>.",
      "CoBrowse": "Iniciar conavegación",
      "CoBrowseWarning": "La conavegación le permite al agente ver y controlar su escritorio para ayudarlo y orientarlo. Cuando esté en una llamada en vivo con un agente, solicite un código para iniciar la conavegación e introdúzcalo a continuación. Si todavía no está en la llamada, abandone esta pantalla y regrese a la página Llámenos.",
      "SubTitle": "Puede llamarnos a cualquiera de los siguientes números...",
      "AriaWindowLabel": "Ventana Llámenos",
      "AriaCallUsClose": "Cerrar Llámenos",
      "AriaBusinessHours": "Horas de atención",
      "AriaCallUsPhoneApp": "Abre la aplicación del teléfono",
      "AriaCobrowseLink": "Abre la sesión de conavegación",
      "AriaCancelButtonText": "Cancelar Llámenos"
    },
    "callback": {
      "CallbackTitle": "Recibir una llamada",
      "CancelButtonText": "Cancelar",
      "AriaCancelButtonText": "Cancelar",
      "ConfirmButtonText": "Confirmar",
      "AriaConfirmButtonText": "Confirmar",
      "CallbackFirstName": "Nombre",
      "CallbackPlaceholderRequired": "Obligatorio",
      "CallbackPlaceholderOptional": "Opcional",
      "CallbackLastName": "Apellido",
      "CallbackPhoneNumber": "Teléfono",
      "CallbackQuestion": "¿Cuándo lo podemos llamar?",
      "CallbackDayLabels": [
        "Domingo",
        "Lunes",
        "Martes",
        "Miércoles",
        "Jueves",
        "Viernes",
        "Sábado"
      ],
      "CallbackMonthLabels": [
        "Ene",
        "Feb",
        "Mar",
        "Abr",
        "Mayo",
        "Jun",
        "Jul",
        "Ago",
        "Sep",
        "Oct",
        "Nov",
        "Dic"
      ],
      "CallbackConfirmDescription": "Reserva completada!",
      "CallbackNumberDescription": "Lo llamaremos al número indicado:",
      "CallbackNotes": "Notas",
      "CallbackDone": "Cerrar",
      "AriaCallbackDone": "Cerrar",
      "CallbackOk": "Aceptar",
      "AriaCallbackOk": "Aceptar",
      "CallbackCloseConfirm": "¿Está seguro de que no desea continuar coordinando esta devolución de llamada?",
      "CallbackNoButtonText": "No",
      "AriaCallbackNoButtonText": "No",
      "CallbackYesButtonText": "Sí",
      "AriaCallbackYesButtonText": "Sí",
      "CallbackWaitTime": "Tiempo de espera",
      "CallbackWaitTimeText": "minutos de espera",
      "CallbackOptionASAP": "Tan pronto como sea posible",
      "CallbackOptionPickDateTime": "Seleccionar fecha y hora",
      "AriaCallbackOptionPickDateTime": "Abre un selector de fechas",
      "CallbackPlaceholderCalendar": "Seleccionar fecha y hora",
      "AriaMinimize": "Minimizar devolución de llamada",
      "AriaWindowLabel": "Ventana Devolución de llamadas",
      "AriaMaximize": "Maximizar devolución de llamada",
      "AriaClose": "Cerrar devolución de llamada",
      "AriaCalendarClosedStatus": "Se cerró el calendario",
      "Errors": {
        "501": "No se pueden aceptar parámetros no válidos. Consulte la documentación auxiliar sobre la API del servidor para obtener los parámetros válidos.",
        "503": "Falta la clave API. Asegúrese de que esté configurada correctamente.",
        "1103": "Falta la clave API. Asegúrese de que esté configurada correctamente.",
        "7030": "Introducir un número de teléfono válido.",
        "7036": "No es posible la devolución de llamada a este número. Inténtelo con otro número de teléfono.",
        "7037": "No se permite la devolución de llamada a este número. Inténtelo con otro número de teléfono.",
        "7040": "Configurar un nombre de servicio válido.",
        "7041": "Hay demasiadas solicitudes en este momento.",
        "7042": "Oficina cerrada. Intente planificar dentro del horario de atención.",
        "unknownError": "Se produjo un error. Lamentamos el inconveniente. Verifique la configuración de la conexión e inténtelo de nuevo.",
        "phoneNumberRequired": "Se requiere el número de teléfono.",
		"CallbackDateTimeRequired": "Seleccionar fecha y hora"
      }
    },
    "channelselector": {
      "Title": "Asistencia en vivo",
      "SubTitle": "¿Cómo desea ponerse en contacto?",
      "WaitTimeTitle": "Tiempo de espera",
      "AvailableTitle": "Disponible",
      "AriaAvailableTitle": "Disponible",
      "UnavailableTitle": "No disponible",
      "CobrowseButtonText": "CobrowseSubTitle",
      "CallbackTitle": "Recibir una llamada",
      "CobrowseSubTitle": "Se necesita una conexión con el agente para esto.",
      "AriaClose": "Cerrar el Asistente en vivo",
      "AriaWarning": "Advertencia",
      "AriaAlert": "Alerta",
      "minute": "min",
      "minutes": "min",
      "AriaWindowLabel": "Ventana Asistente en vivo"
    },
    "clicktocall": {
      "Title": "Clic para llamar",
      "FirstName": "Nombre",
      "PlaceholderRequired": "Obligatorio",
      "PlaceholderOptional": "Opcional",
      "LastName": "Apellido",
      "PhoneNumber": "Teléfono",
      "WaitTime": "Tiempo de espera",
      "FormCancel": "Cancelar",
      "AriaFormCancel": "Cancelar",
      "FormSubmit": "Solicitar un número",
      "AriaFormSubmit": "Solicitar un número",
      "PhoneLabel": "Marcar ahora",
      "AriaPhoneTitle": "Abre la aplicación del teléfono",
      "AccessLabel": "Código de acceso",
      "ExpireLabel": "El número caduca en",
      "AriaExpireLabel": "Temporizador de caducidad",
      "DisplayClose": "Cerrar",
      "AriaDisplayClose": "Cerrar",
      "NetworkFail": "Se produjo un error. Lamentamos el inconveniente. Verifique la configuración de la conexión e inténtelo de nuevo.",
      "NetworkRetry": "Aceptar",
      "AriaNetworkRetry": "Aceptar",
      "InvalidAccept": "Aceptar",
      "AriaInvalidAccept": "Aceptar",
      "PhoneExpired": "El número de teléfono ha caducado.",
      "PhoneReRequest": "Solicitar un nuevo número",
      "AriaPhoneReRequest": "Solicitar un nuevo número",
      "LocalFormValidationEmptyPhoneNumber": "Introduzca un número de teléfono.",
      "ConfirmCloseWindow": "Tiene datos del formulario sin enviar. ¿Confirma que desea salir?",
      "AriaConfirmCloseCancel": "No",
      "ConfirmCloseCancel": "No",
      "AriaConfirmCloseConfirm": "Sí",
      "ConfirmCloseConfirm": "Sí",
      "AriaWindowLabel": "Ventana Clic para llamar",
      "AriaMaximize": "Maximizar Clic para llamar",
      "AriaMinimize": "Minimizar Clic para llamar",
      "AriaClose": "Cerrar Clic para llamar"
    },
    "cobrowse": {
      "agentJoined": "El agente se ha unido a la sesión.",
      "youLeft": "Ha abandonado la sesión. Se finalizará la conavegación.",
      "sessionTimedOut": "Se ha agotado el tiempo de espera de la sesión. Se finalizará la conavegación.",
      "sessionInactiveTimedOut": "Se ha agotado el tiempo de espera de la sesión. Se finalizará la conavegación.",
      "agentLeft": "El agente ha abandonado la sesión. Se finalizará la conavegación.",
      "sessionError": "Se ha producido un error inesperado. Se finalizará la conavegación.",
      "sessionStarted": "Se ha iniciado la sesión de conavegación. Esperando a que el agente se conecte a la sesión…",
      "navRefresh": "El agente ha actualizado la página. Recargando.",
      "navBack": "El agente ha pulsado el botón \"Atrás\". Recargando la página.",
      "navForward": "El agente ha pulsado el botón \"Adelante\". Recargando la página.",
      "navUrl": "El agente ha solicitado la navegación. Recargando la página.",
      "navFailed": "No se ha podido completar la solicitud de navegación del agente.",
      "toolbarContent": "ID de sesión: {sessionId}",
      "contentMasked": "El contenido se ha ocultado al agente.",
      "contentMaskedPartially": "Parte del contenido se ha ocultado al agente.",
      "exitBtnTitle": "Salir de la sesión de conavegación",
      "areYouOnPhone": "¿Está al teléfono con nuestro agente?",
      "areYouOnPhoneOrChat": "¿Está al teléfono o en el chat con nuestro agente?",
      "connectBeforeCobrowse": "Debe estar conectado con nuestro agente para continuar con la conavegación. Llámenos o inicie un chat en vivo con nosotros y, a continuación, inicie de nuevo la conavegación.",
      "sessionStartedAutoConnect": "Se ha iniciado la sesión de conavegación. Esperando a que el agente se conecte a la sesión…",
      "browserUnsupported": "Lamentablemente, no se admite actualmente su navegador.<br><br> Los navegadores admitidos son: <ul><li><a target='_blank' href='http://www.google.com/chrome'>Google Chrome</a></li><li><a target='_blank' href='http://www.firefox.com/'>Mozilla Firefox</a></li><li><a target='_blank' href='http://microsoft.com/ie'>Internet Explorer 9 y superior</a></li><li><a target='_blank' href='https://www.apple.com/safari'>Safari 6 y superior</a></li></ul>",
      "chatIsAlreadyRunning": "El chat ya se está ejecutando en otra página.",
      "modalYes": "Sí",
      "modalNo": "No"
    },
    "knowledgecenter": {
      "SidebarButton": "Buscar",
      "SearchButton": "Buscar",
      "Title": "Formular una pregunta",
      "Ask": "Preguntar",
      "AriaAsk": "Preguntar",
      "Close": "Cerrar",
      "AriaClose": "Cerrar Buscar",
      "Categories": "Categorías",
      "NoResults": "No hay resultados.",
      "NoResultsTextUnder": "Lo sentimos; no hemos encontrado una respuesta adecuada para usted.",
      "NoResultsTextRephrase": "¿Podría intentar reformular la pregunta?",
      "WasThisHelpful": "¿Le ha resultado útil?",
      "Yes": "Sí",
      "No": "No",
      "AriaYes": "Sí",
      "AriaNo": "No",
      "ArticleHelpfulnessYes": "Utilidad del artículo: \"Sí\"",
      "ArticleHelpfulnessYesDesc": "¡Genial! Nos complace escuchar que el artículo le ha ayudado en su búsqueda. Que tenga un buen día.",
      "ArticleHelpfulnessNo": "Utilidad del artículo: \"No\"",
      "ArticleHelpfulnessNoDesc": "Lamentamos que el artículo no sea una buena opción para su búsqueda. Le agradecemos sus comentarios.",
      "TypeYourQuestion": "Escriba la pregunta.",
      "Back": "Atrás",
      "AriaBack": "Volver a resultados de la búsqueda",
      "More": "Más",
      "Error": "Error.",
      "GKCIsUnavailable": "El servidor del centro de conocimiento no está disponible actualmente.",
      "AriaClear": "Borrar búsqueda",
      "AriaSearch": "Buscar",
      "AriaWindowLabel": "Ventana Buscar",
      "AriaSearchDropdown": "Resultados sugeridos",
      "AriaSearchMore": "Leer más sobre",
      "AriaResultsCount": "Número total de resultados",
      "KnowledgeAgentName": "Centro de conocimiento",
      "WelcomeMessage": "Hola, le damos la bienvenida. Un agente en vivo estará con usted en breve. Mientras tanto, ¿puedo ayudarle con cualquier pregunta que pueda tener? Escriba una pregunta en el campo de entrada mostrado a continuación.",
      "SearchResult": "Mientras espera a que se conecte un agente, estas son las respuestas más pertinentes para su consulta:",
      "NoDocumentsFound": "Lo sentimos. No hay artículos que coincidan con su pregunta. ¿Desea realizar otra pregunta?",
      "SuggestedMessage": "Se ha sugerido el siguiente elemento de conocimiento:",
      "OpenDocumentHint": "haga clic en él para ver su contenido.",
      "SuggestedDocumentMessage": "Se ha sugerido el documento '<%DocTitle%>'.",
      "FeedbackQuestion": "¿Le ha resultado útil?",
      "FeedbackAccept": "Sí",
      "FeedbackDecline": "No",
      "TranscriptMarker": "Centro de conocimiento: ",
      "SearchMessage": "Buscar con la consulta '<%SearchQuery%>'↲",
      "VisitMessage": "Visitar para ver el documento'<%VisitQuery%>'",
      "OpenMessage": "Se ha visto '<%OpenQuery%>'.",
      "AnsweredMessage": "Los resultados de la consulta '<%AnsweredQuery%>' se han marcado como pertinentes.",
      "UnansweredMessage": "Los resultados de la consulta '<%UnansweredQuery%>' se han marcado como sin respuesta.",
      "PositiveVoteMessage": "Voto positivo para el documento '<%VoteQuery%>'.",
      "NegativeVoteMessage": "Voto negativo para el documento '<%VoteQuery%>'.",
      "SuggestedMarker": "Se ha sugerido el documento[^\\0]*?."
    },
    "sendmessage": {
      "SendMessageButton": "Enviar mensaje",
      "OK": "Aceptar",
      "Title": "Enviar mensaje",
      "PlaceholderFirstName": "Obligatorio",
      "PlaceholderLastName": "Obligatorio",
      "PlaceholderEmail": "Obligatorio",
      "PlaceholderSubject": "Obligatorio",
      "PlaceholderTypetexthere": "Escriba su mensaje aquí...",
      "FirstName": "Nombre",
      "LastName": "Apellido",
      "Email": "Correo electrónico",
      "Subject": "Asunto",
      "Attachfiles": "Adjuntar archivos",
      "AriaAttachfiles": "El vínculo Adjuntar archivos abre un cuadro de diálogo para cargar archivos",
      "Send": "Enviar",
      "AriaSend": "Enviar mensaje",
      "Sent": "Se ha enviado su mensaje...",
      "Close": "Cerrar",
      "ConfirmCloseWindow": "¿Confirma que desea cerrar el widget Enviar mensaje?",
      "Cancel": "Cancelar",
      "AriaMinimize": "Minimizar Enviar mensaje",
      "AriaMaximize": "Maximizar Enviar mensaje",
      "AriaWindowLabel": "Ventana Enviar mensaje",
      "AriaClose": "Cerrar Enviar mensaje",
      "AriaCloseAlert": "Se cerró el cuadro Alerta",
      "AriaEndConfirm": "Sí",
      "AriaEndCancel": "Cancelar",
      "AriaOK": "Aceptar",
      "AriaRemoveFile": "Quitar el archivo",
      "AriaFileIcon": "Archivo",
      "AriaFileSize": "Tamaño del archivo",
      "Errors": {
        "102": "Debe especificar su nombre.",
        "103": "Debe especificar sus apellidos.",
        "104": "Debe especificar un asunto.",
        "181": "Debe especificar una dirección de correo electrónico.",
        "182": "Debe especificar el texto del mensaje.",
        "connectionError": "No se puede acceder al servidor. Inténtelo de nuevo.",
        "unknowError": "Se produjo un error. Lamentamos el inconveniente. Verifique la configuración de la conexión e inténtelo de nuevo.",
        "attachmentsLimit": "El número total de archivos adjuntos supera el límite: ",
        "attachmentsSize": "El tamaño total de los archivos adjuntos supera el límite: ",
        "invalidFileType": "Tipo de archivo no admitido. Cargue archivos de imagen, de texto, PDF y ZIP.",
        "invalidFromEmail": "Correo electrónico no válido: dirección del remitente",
        "invalidMailbox": "Correo electrónico no válido: dirección del destinatario"
      }
    },
    "sidebar": {
      "SidebarTitle": "¿Necesita ayuda?",
      "ChannelSelectorName": "Asistencia en vivo",
      "ChannelSelectorTitle": "Obtener ayuda de uno de nuestros agentes de inmediato",
      "SearchName": "Buscar",
      "SearchTitle": "Buscar",
      "OffersName": "Ofertas",
      "OffersTitle": "Ofertas",
      "CallUsName": "Llámenos",
      "CallUsTitle": "Detalles de Llámenos",
      "CallbackName": "Devolución de llamada",
      "CallbackTitle": "Recibir una llamada",
      "ClickToCallName": "Clic para llamar",
      "ClickToCallTitle": "Solicitar un número de teléfono de servicio al cliente",
      "SendMessageName": "Enviar mensaje",
      "SendMessageTitle": "Enviar mensaje",
      "WebChatName": "Chat en vivo",
      "WebChatTitle": "Chat en vivo",
      "AriaClose": "Cerrar el menú Necesita ayuda"
    },
    "webchat": {
      "ChatButton": "Chat",
      "ChatStarted": "Chat iniciado",
      "ChatEnded": "Chat finalizado",
      "AgentNameDefault": "Agente",
      "AgentConnected": "<%Agent%> conectado",
      "AgentDisconnected": "<%Agent%> desconectado",
      "BotNameDefault": "Bot",
      "BotConnected": "<%Bot%> conectado",
      "BotDisconnected": "<%Bot%> desconectado",
      "SupervisorNameDefault": "Supervisor",
      "SupervisorConnected": "<%Agent%> conectado",
      "SupervisorDisconnected": "<%Agent%> desconectado",
      "AgentTyping": "...",
      "AriaAgentTyping": "El agente está escribiendo",
      "AgentUnavailable": "Lo sentimos; no hay ningún agente disponible. Inténtelo de nuevo más tarde.",
      "ChatTitle": "Chat en vivo",
      "ChatEnd": "X",
      "ChatClose": "X",
      "ChatMinimize": "Min.",
      "ChatFormFirstName": "Nombre",
      "ChatFormLastName": "Apellido",
      "ChatFormNickname": "Apodo",
      "ChatFormEmail": "Correo electrónico",
      "ChatFormSubject": "Asunto",
      "ChatFormPlaceholderFirstName": "Obligatorio",
      "ChatFormPlaceholderLastName": "Obligatorio",
      "ChatFormPlaceholderNickname": "Opcional",
      "ChatFormPlaceholderEmail": "Opcional",
      "ChatFormPlaceholderSubject": "Opcional",
      "ChatFormSubmit": "Iniciar chat",
      "AriaChatFormSubmit": "Iniciar chat",
      "ChatFormCancel": "Cancelar",
      "AriaChatFormCancel": "Cancelar el chat",
      "ChatFormClose": "Cerrar",
      "ChatInputPlaceholder": "Escriba su mensaje aquí.",
      "ChatInputSend": "Enviar",
      "AriaChatInputSend": "Enviar",
      "ChatEndQuestion": "¿Está seguro de que desea finalizar esta sesión de chat?",
      "ChatEndCancel": "Cancelar",
      "ChatEndConfirm": "Finalizar chat",
      "AriaChatEndCancel": "Cancelar",
      "AriaChatEndConfirm": "Fin",
      "ConfirmCloseWindow": "¿Está seguro de que desea cerrar el chat?",
      "ConfirmCloseCancel": "Cancelar",
      "ConfirmCloseConfirm": "Cerrar",
      "AriaConfirmCloseCancel": "Cancelar",
      "AriaConfirmCloseConfirm": "Cerrar",
      "ActionsDownload": "Descargar transcripción",
      "ActionsEmail": "Enviar transcripción por correo electrónico",
      "ActionsPrint": "Imprimir transcripción",
      "ActionsCobrowseStart": "Iniciar conavegación",
      "AriaActionsCobrowseStartTitle": "Abre la sesión de conavegación",
      "ActionsSendFile": "Adjuntar archivos",
      "AriaActionsSendFileTitle": "El vínculo Adjuntar archivos abre un cuadro de diálogo para cargar archivos",
      "ActionsEmoji": "Enviar emoji",
      "ActionsCobrowseStop": "Salir de conavegación",
      "ActionsVideo": "Invitar a chat de vídeo",
      "ActionsTransfer": "Transferir",
      "ActionsInvite": "Invitar",
      "InstructionsTransfer": "Abra este enlace en otro dispositivo para transferir la sesión de chat</br></br><%link%>",
      "InstructionsInvite": "Comparta este enlace con otra persona para agregarla a esta sesión de chat</br></br><%link%>",
      "InviteTitle": "¿Necesita ayuda?",
      "InviteBody": "Díganos si podemos ayudarle.",
      "InviteReject": "No, gracias",
      "InviteAccept": "Iniciar chat",
      "AriaInviteAccept": "Aceptar invitación y comenzar el chat",
      "AriaInviteReject": "Rechazar la invitación",
      "ChatError": "Hubo un problema al iniciar la sesión de chat. Inténtelo de nuevo.",
      "ChatErrorButton": "Aceptar",
      "AriaChatErrorButton": "Aceptar",
      "ChatErrorPrimaryButton": "Sí",
      "ChatErrorDefaultButton": "No",
      "AriaChatErrorPrimaryButton": "Sí",
      "AriaChatErrorDefaultButton": "No",
      "DownloadButton": "Descargar",
      "AriaDownloadButton": "Descargar el archivo",
      "FileSent": "envió:",
      "FileTransferRetry": "Reintentar",
      "AriaFileTransferRetry": "Volver a intentar la transferencia del archivo",
      "FileTransferError": "Aceptar",
      "AriaFileTransferError": "Aceptar",
      "FileTransferCancel": "Cancelar",
      "AriaFileTransferCancel": "Cancelar la transferencia del archivo",
      "RestoreTimeoutTitle": "Chat finalizado",
      "RestoreTimeoutBody": "Se agotó el tiempo de espera de su sesión de chat anterior. ¿Desea iniciar una nueva?",
      "RestoreTimeoutReject": "No, gracias",
      "RestoreTimeoutAccept": "Iniciar chat",
      "AriaRestoreTimeoutAccept": "Aceptar invitación y comenzar el chat",
      "AriaRestoreTimeoutReject": "Rechazar la invitación",
      "EndConfirmBody": "¿Desea realmente finalizar la sesión de chat?",
      "EndConfirmAccept": "Finalizar chat",
      "EndConfirmReject": "Cancelar",
      "AriaEndConfirmAccept": "Finalizar chat",
      "AriaEndConfirmReject": "Cancelar",
      "SurveyOfferQuestion": "¿Desea participar en una encuesta?",
      "ShowSurveyAccept": "Sí",
      "ShowSurveyReject": "No",
      "AriaShowSurveyAccept": "Sí",
      "AriaShowSurveyReject": "No",
      "UnreadMessagesTitle": "sin leer",
      "AriaYouSaid": "Usted dijo",
      "AriaSaid": "dijo",
      "AriaSystemSaid": "El sistema dijo",
      "AriaWindowLabel": "Ventana Chat en vivo",
      "AriaMinimize": "Minimizar chat en vivo",
      "AriaMaximize": "Maximizar chat en vivo",
      "AriaClose": "Cerrar chat en vivo",
      "AriaEmojiStatusOpen": "Se abrió el cuadro de diálogo para seleccionar emoji",
      "AriaEmojiStatusClose": "Se cerró el cuadro de diálogo para seleccionar emoji",
      "AriaEmoji": "emoji",
      "AriaCharRemaining": "Caracteres restantes",
      "AriaMessageInput": "Cuadro de mensaje",
      "AsyncChatEnd": "Finalizar chat",
      "AsyncChatClose": "Cerrar ventana",
      "AriaAsyncChatEnd": "Finalizar chat",
      "AriaAsyncChatClose": "Cerrar ventana",
      "DayLabels": [
        "Dom",
        "Lun",
        "Mar",
        "Mier",
        "Jue",
        "Vier",
        "Sáb"
      ],
      "MonthLabels": [
        "Ene",
        "Feb",
        "Mar",
        "Abr",
        "Mayo",
        "Jun",
        "Jul",
        "Ago",
        "Sept",
        "Oct",
        "Nov",
        "Dic"
      ],
      "todayLabel": "Hoy",
      "Errors": {
        "102": "Debe especificar su nombre.",
        "103": "Debe especificar sus apellidos.",
        "161": "Introduzca su nombre.",
        "201": "No se pudo enviar el archivo.<br/><strong><p class='filename' title='<%FilenameFull%>'>'<%FilenameTruncated%>'</p></strong><p class='cx-advice'>Se superaría el máximo de archivos adjuntos (<%MaxFilesAllowed%>)</p>",
        "202": "No se pudo enviar el archivo.<br/><strong><p class='filename' title='<%FilenameFull%>'>'<%FilenameTruncated%>'</p></strong><p class='cx-advice'>Se superaría el límite de carga o máximo de adjuntos (<%MaxAttachmentsSize%>)</p>",
        "203": "No se pudo enviar el archivo.<br/><strong><p class='filename' title='<%FilenameFull%>'>'<%FilenameTruncated%>'</p></strong><p class='cx-advice'>El tipo de archivo no está permitido.</p>",
        "204": "Lamentablemente su mensaje es muy largo. Escriba uno más corto.",
        "240": "Lamentablemente no podemos iniciar un nuevo chat en este momento. Vuelva a intentarlo más tarde.",
        "364": "Dirección de correo electrónico no válida.",
        "401": "Lo sentimos, pero no podemos autorizar la sesión de chat. ¿Quiere iniciar un nuevo chat?",
        "404": "Lo sentimos, pero no encontramos su sesión de chat anterior. ¿Quiere iniciar un nuevo chat?",
        "500": "Lo sentimos, se produjo un error inesperado con el servicio. ¿Quiere cerrar la sesión e iniciar un nuevo chat?",
        "503": "Lo sentimos, por el momento el servicio no está disponible o está ocupado. ¿Quiere cerrar la sesión e iniciar un nuevo chat?",
        "ChatUnavailable": "Lamentablemente no podemos iniciar un nuevo chat en este momento. Vuelva a intentarlo más tarde.",
        "CriticalFault": "La sesión de chat ha finalizado inesperadamente debido a un problema desconocido. Disculpe las molestias.",
        "StartFailed": "Hubo un error al iniciar su sesión de chat. Verifique su conexión y que haya enviado toda la información requerida correctamente, e inténtelo de nuevo.",
        "MessageFailed": "Su mensaje no se recibió correctamente. Inténtelo de nuevo.",
        "RestoreFailed": "We're sorry but we were unable to restore your chat session due to an unknown error",
        "TransferFailed": "No es posible transferir el chat en este momento. Vuelva a intentarlo más tarde.",
        "FileTransferSizeError": "No se pudo enviar el archivo.<br/><strong><p class='filename' title='<%FilenameFull%>'>'<%FilenameTruncated%>'</p></strong><p class='cx-advice'>El tamaño del archivo supera el máximo permitido (<%MaxSizePerFile%>)</p>",
        "InviteFailed": "No es posible generar una invitación en este momento. Vuelva a intentarlo más tarde.",
        "ChatServerWentOffline": "En este momento el envío de mensajes está tardando más de lo normal. Lamentamos el retraso.",
        "RestoredOffline": "En este momento el envío de mensajes está tardando más de lo normal. Lamentamos el retraso.",
        "Disconnected": "<div style='text-align:center'>Se perdió la conexión</div>",
        "Reconnected": "<div style='text-align:center'>Se restableció la conexión</div>",
        "FileSendFailed": "No se pudo enviar el archivo.<br/><strong><p class='filename' title='<%FilenameFull%>'><%FilenameTruncated%></p></strong><p class='cx-advice'>Se produjo una desconexión inesperada. ¿Desea volver a intentarlo?</p>",
        "Generic": "<div style='text-align:center'>Error inesperado.</div>",
        "pureengage-v3-rest-INVALID_FILE_TYPE": "Tipo de archivo no válido. Solo se admiten imágenes.",
        "pureengage-v3-rest-LIMIT_FILE_SIZE": "El tamaño del archivo es superior al máximo permitido.",
        "pureengage-v3-rest-LIMIT_FILE_COUNT": "Se ha superado el número máximo de archivos adjuntos.",
        "pureengage-v3-rest-INVALID_CONTACT_CENTER": "Configuración de transporte de x-api-key no válida",
        "pureengage-v3-rest-INVALID_ENDPOINT": "Configuración de transporte de punto final no válida",
        "pureengage-v3-rest-INVALID_NICKNAME": "Debe especificar su nombre.",
        "pureengage-v3-rest-AUTHENTICATION_REQUIRED": "Lo sentimos, pero no podemos autorizar la sesión de chat.",
        "purecloud-v2-sockets-400": "Lo sentimos; se ha producido un problema. Compruebe la conexión y que haya enviado correctamente toda la información necesaria. A continuación, inténtelo de nuevo.",
        "purecloud-v2-sockets-500": "Lo sentimos; se ha producido un error inesperado con el servicio.",
        "purecloud-v2-sockets-503": "Lo sentimos; el servicio no está disponible actualmente.",
        "pureconnect-v4-rest-400": "Lo sentimos; se ha producido un problema. Compruebe la conexión y que haya enviado correctamente toda la información necesaria. A continuación, inténtelo de nuevo.",
        "pureconnect-v4-rest-500": "Lo sentimos; se ha producido un error inesperado con el servicio.",
        "pureconnect-v4-rest-503": "Lo sentimos; el servicio no está disponible actualmente."
      }
    }
  }
}