{
  "prepare_queue": {
    "installed": [],
    "uninstalled": []
  },
  "config_munge": {
    "files": {
      "res/xml/config.xml": {
        "parents": {
          "/*": [
            {
              "xml": "<feature name=\"Whitelist\"><param name=\"android-package\" value=\"org.apache.cordova.whitelist.WhitelistPlugin\" /><param name=\"onload\" value=\"true\" /></feature>",
              "count": 1
            },
            {
              "xml": "<feature name=\"Permissions\"><param name=\"android-package\" value=\"com.android.plugins.Permissions\" /></feature>",
              "count": 1
            }
          ]
        }
      },
      "AndroidManifest.xml": {
        "parents": {
          "/manifest/uses-permission": [
            {
              "xml": "<uses-permission android:name=\"android.permission.INTERNET\" />",
              "count": 7,
              "mode": "merge",
              "id": "config.xml",
              "oldAttrib": {
                "android:name": "android.permission.NETWORK_ACCESS"
              }
            },
            {
              "xml": "<uses-permission android:name=\"android.permission.CAMERA\" />",
              "count": 6,
              "mode": "merge",
              "id": "config.xml",
              "oldAttrib": {
                "android:name": "android.permission.INTERNET"
              }
            },
            {
              "xml": "<uses-permission android:name=\"android.permission.RECORD_AUDIO\" />",
              "count": 5,
              "mode": "merge",
              "id": "config.xml",
              "oldAttrib": {
                "android:name": "android.permission.CAMERA"
              }
            },
            {
              "xml": "<uses-permission android:name=\"android.permission.CAPTURE_AUDIO_OUTPUT\" />",
              "count": 4,
              "mode": "merge",
              "id": "config.xml",
              "oldAttrib": {
                "android:name": "android.permission.RECORD_AUDIO"
              }
            },
            {
              "xml": "<uses-permission android:name=\"android.permission.MODIFY_AUDIO_SETTINGS\" />",
              "count": 3,
              "mode": "merge",
              "id": "config.xml",
              "oldAttrib": {
                "android:name": "android.permission.CAPTURE_AUDIO_OUTPUT"
              }
            },
            {
              "xml": "<uses-permission android:name=\"android.permission.ACCESS_NETWORK_STATE\" />",
              "count": 2,
              "mode": "merge",
              "id": "config.xml",
              "oldAttrib": {
                "android:name": "android.permission.MODIFY_AUDIO_SETTINGS"
              }
            },
            {
              "xml": "<uses-permission android:name=\"android.permission.NETWORK_ACCESS\" />",
              "count": 1,
              "mode": "merge",
              "id": "config.xml",
              "oldAttrib": {
                "android:name": "android.permission.ACCESS_NETWORK_STATE"
              }
            }
          ],
          "/manifest": [
            {
              "xml": "<uses-permission android:name=\"android.permission.CAMERA\" />",
              "count": 14
            },
            {
              "xml": "<uses-permission android:name=\"android.permission.RECORD_AUDIO\" />",
              "count": 14
            },
            {
              "xml": "<uses-permission android:name=\"android.permission.CAPTURE_AUDIO_OUTPUT\" />",
              "count": 14
            },
            {
              "xml": "<uses-permission android:name=\"android.permission.MODIFY_AUDIO_SETTINGS\" />",
              "count": 14
            },
            {
              "xml": "<uses-permission android:name=\"android.permission.ACCESS_NETWORK_STATE\" />",
              "count": 14
            },
            {
              "xml": "<uses-permission android:name=\"android.permission.NETWORK_ACCESS\" />",
              "count": 14
            },
            {
              "xml": "<uses-permission android:name=\"android.permission.INTERNET\" />",
              "count": 14
            }
          ]
        }
      }
    }
  },
  "installed_plugins": {
    "cordova-plugin-whitelist": {
      "PACKAGE_NAME": "com.example.app"
    },
    "cordova-plugin-android-permissions": {
      "PACKAGE_NAME": "com.example.app"
    }
  },
  "dependent_plugins": {},
  "modules": [
    {
      "id": "cordova-plugin-android-permissions.Permissions",
      "file": "plugins/cordova-plugin-android-permissions/www/permissions.js",
      "pluginId": "cordova-plugin-android-permissions",
      "clobbers": [
        "cordova.plugins.permissions"
      ]
    }
  ],
  "plugin_metadata": {
    "cordova-plugin-whitelist": "1.3.5",
    "cordova-plugin-android-permissions": "1.1.3"
  }
}
